abstracts,lang
Хронология развития сельского хозяйства и производства пищи,ru
Список объектов всемирного наследия ЮНЕСКО в Африке,ru
Архимед,ru
История Аргентины,ru
История Швеции,ru
Ксеркс I,ru
Культура Ирландии,ru
Список хоккейных лиг мира,ru
Ферганская долина,ru
Финал,ru
Список мужских национальных сборных по футболу,ru
Хронология израильско-ливанского конфликта 2006,ru
Первый человек,ru
Список правителей Баварии,ru
Список правителей Швабии,ru
Флаг Комор,ru
Флаг Суринама,ru
1940 год в истории железнодорожного транспорта,ru
Список языков описания пользовательских интерфейсов,ru
1979 год в истории железнодорожного транспорта,ru
1965 год в истории железнодорожного транспорта,ru
1966 год в истории железнодорожного транспорта,ru
1939 год в истории железнодорожного транспорта,ru
Телефонный план нумерации Белоруссии,ru
1968 год в истории железнодорожного транспорта,ru
1891 год в истории железнодорожного транспорта,ru
Список монастырей Сербской православной церкви,ru
1984 год в истории железнодорожного транспорта,ru
1924 год в истории железнодорожного транспорта,ru
1938 год в истории железнодорожного транспорта,ru
Бокс на летних Олимпийских играх 1992,ru
1899 год в истории железнодорожного транспорта,ru
1927 год в истории железнодорожного транспорта,ru
1905 год в истории железнодорожного транспорта,ru
1954 год в истории железнодорожного транспорта,ru
1947 год в истории железнодорожного транспорта,ru
1942 год в истории железнодорожного транспорта,ru
Политические партии Франции,ru
1925 год в истории железнодорожного транспорта,ru
Список линейных крейсеров КВМФ Великобритании,ru
1936 год в истории железнодорожного транспорта,ru
2005 год в истории железнодорожного транспорта,ru
2007 год в истории железнодорожного транспорта,ru
2004 год в истории железнодорожного транспорта,ru
1900 год в истории железнодорожного транспорта,ru
1917 год в истории железнодорожного транспорта,ru
2006 год в истории железнодорожного транспорта,ru
1877 год в истории железнодорожного транспорта,ru
1935 год в истории железнодорожного транспорта,ru
1983 год в истории железнодорожного транспорта,ru
1856 год в истории железнодорожного транспорта,ru
1958 год в истории железнодорожного транспорта,ru
1973 год в истории железнодорожного транспорта,ru
2008 год в истории железнодорожного транспорта,ru
Чемпионат Израиля по шахматам,ru
1872 год в истории железнодорожного транспорта,ru
1932 год в истории железнодорожного транспорта,ru
1975 год в истории железнодорожного транспорта,ru
1931 год в истории железнодорожного транспорта,ru
1945 год в истории железнодорожного транспорта,ru
1953 год в истории железнодорожного транспорта,ru
1934 год в истории железнодорожного транспорта,ru
1886 год в истории железнодорожного транспорта,ru
1999 год в истории железнодорожного транспорта,ru
2002 год в истории железнодорожного транспорта,ru
1896 год в истории железнодорожного транспорта,ru
Административное деление Минска,ru
Города Иордании,ru
Дискография The Sisters of Mercy,ru
Теорема Гаусса — Люка,ru
Экономика Новой Зеландии,ru
1961 год в истории железнодорожного транспорта,ru
1930 год в истории железнодорожного транспорта,ru
1895 год в истории железнодорожного транспорта,ru
1860 год в истории железнодорожного транспорта,ru
1957 год в истории железнодорожного транспорта,ru
2003 год в истории железнодорожного транспорта,ru
1855 год в истории железнодорожного транспорта,ru
1956 год в истории железнодорожного транспорта,ru
1904 год в истории железнодорожного транспорта,ru
1907 год в истории железнодорожного транспорта,ru
1944 год в истории железнодорожного транспорта,ru
1952 год в истории железнодорожного транспорта,ru
1906 год в истории железнодорожного транспорта,ru
1897 год в истории железнодорожного транспорта,ru
1937 год в истории железнодорожного транспорта,ru
1880 год в истории железнодорожного транспорта,ru
1838 год в истории железнодорожного транспорта,ru
1859 год в истории железнодорожного транспорта,ru
1941 год в истории железнодорожного транспорта,ru
2000 год в истории железнодорожного транспорта,ru
1933 год в истории железнодорожного транспорта,ru
1874 год в истории железнодорожного транспорта,ru
1986 год в истории железнодорожного транспорта,ru
1836 год в истории железнодорожного транспорта,ru
1923 год в истории железнодорожного транспорта,ru
1964 год в истории железнодорожного транспорта,ru
1955 год в истории железнодорожного транспорта,ru
1871 год в истории железнодорожного транспорта,ru
1987 год в истории железнодорожного транспорта,ru
1946 год в истории железнодорожного транспорта,ru
1909 год в истории железнодорожного транспорта,ru
1995 год в истории железнодорожного транспорта,ru
1879 год в истории железнодорожного транспорта,ru
1881 год в истории железнодорожного транспорта,ru
1911 год в истории железнодорожного транспорта,ru
1993 год в истории железнодорожного транспорта,ru
1963 год в истории железнодорожного транспорта,ru
1846 год в истории железнодорожного транспорта,ru
1878 год в истории железнодорожного транспорта,ru
1948 год в истории железнодорожного транспорта,ru
1994 год в истории железнодорожного транспорта,ru
1847 год в истории железнодорожного транспорта,ru
Железнодорожная терминология,ru
1857 год в истории железнодорожного транспорта,ru
1960 год в истории железнодорожного транспорта,ru
1866 год в истории железнодорожного транспорта,ru
1845 год в истории железнодорожного транспорта,ru
1997 год в истории железнодорожного транспорта,ru
1890 год в истории железнодорожного транспорта,ru
1862 год в истории железнодорожного транспорта,ru
1837 год в истории железнодорожного транспорта,ru
История Баварии,ru
Муниципалитеты Саморы,ru
Список ирландских флагов,ru
1929 год в истории железнодорожного транспорта,ru
1851 год в истории железнодорожного транспорта,ru
1959 год в истории железнодорожного транспорта,ru
1848 год в истории железнодорожного транспорта,ru
2001 год в истории железнодорожного транспорта,ru
1998 год в истории железнодорожного транспорта,ru
1918 год в истории железнодорожного транспорта,ru
1892 год в истории железнодорожного транспорта,ru
1970 год в истории железнодорожного транспорта,ru
Хронология информационно-коммуникационных технологий,ru
1849 год в истории железнодорожного транспорта,ru
1962 год в истории железнодорожного транспорта,ru
1894 год в истории железнодорожного транспорта,ru
1982 год в истории железнодорожного транспорта,ru
1893 год в истории железнодорожного транспорта,ru
1834 год в истории железнодорожного транспорта,ru
1830 год в истории железнодорожного транспорта,ru
1870 год в истории железнодорожного транспорта,ru
1981 год в истории железнодорожного транспорта,ru
1850 год в истории железнодорожного транспорта,ru
1926 год в истории железнодорожного транспорта,ru
1989 год в истории железнодорожного транспорта,ru
1842 год в истории железнодорожного транспорта,ru
1882 год в истории железнодорожного транспорта,ru
1867 год в истории железнодорожного транспорта,ru
1843 год в истории железнодорожного транспорта,ru
1873 год в истории железнодорожного транспорта,ru
1839 год в истории железнодорожного транспорта,ru
1853 год в истории железнодорожного транспорта,ru
1833 год в истории железнодорожного транспорта,ru
1884 год в истории железнодорожного транспорта,ru
1832 год в истории железнодорожного транспорта,ru
1889 год в истории железнодорожного транспорта,ru
1858 год в истории железнодорожного транспорта,ru
1971 год в истории железнодорожного транспорта,ru
Революция 1848—1849 годов в Италии,ru
1996 год в истории железнодорожного транспорта,ru
1869 год в истории железнодорожного транспорта,ru
1915 год в истории железнодорожного транспорта,ru
1992 год в истории железнодорожного транспорта,ru
1844 год в истории железнодорожного транспорта,ru
1908 год в истории железнодорожного транспорта,ru
1854 год в истории железнодорожного транспорта,ru
1840 год в истории железнодорожного транспорта,ru
1852 год в истории железнодорожного транспорта,ru
1950 год в истории железнодорожного транспорта,ru
Список премьер-министров Таджикистана,ru
1865 год в истории железнодорожного транспорта,ru
1898 год в истории железнодорожного транспорта,ru
1841 год в истории железнодорожного транспорта,ru
1921 год в истории железнодорожного транспорта,ru
1977 год в истории железнодорожного транспорта,ru
1827 год в истории железнодорожного транспорта,ru
1922 год в истории железнодорожного транспорта,ru
1978 год в истории железнодорожного транспорта,ru
1974 год в истории железнодорожного транспорта,ru
1991 год в истории железнодорожного транспорта,ru
1864 год в истории железнодорожного транспорта,ru
1888 год в истории железнодорожного транспорта,ru
1976 год в истории железнодорожного транспорта,ru
1969 год в истории железнодорожного транспорта,ru
1861 год в истории железнодорожного транспорта,ru
1902 год в истории железнодорожного транспорта,ru
1883 год в истории железнодорожного транспорта,ru
1951 год в истории железнодорожного транспорта,ru
1912 год в истории железнодорожного транспорта,ru
1835 год в истории железнодорожного транспорта,ru
1868 год в истории железнодорожного транспорта,ru
1829 год в истории железнодорожного транспорта,ru
1967 год в истории железнодорожного транспорта,ru
1914 год в истории железнодорожного транспорта,ru
1863 год в истории железнодорожного транспорта,ru
1928 год в истории железнодорожного транспорта,ru
1919 год в истории железнодорожного транспорта,ru
1949 год в истории железнодорожного транспорта,ru
Список вице-президентов Федеративных Штатов Микронезии,ru
История Бурунди,ru
История Габона,ru
История Гренады,ru
История Тайваня,ru
Культура Грузии,ru
Религиозные символы,ru
Список терактов Аль-Каиды,ru
Список терактов Иргуна,ru
Транспорт в Алжире,ru
Транспорт в Марокко,ru
1985 год в истории железнодорожного транспорта,ru
1885 год в истории железнодорожного транспорта,ru
1920 год в истории железнодорожного транспорта,ru
1903 год в истории железнодорожного транспорта,ru
1972 год в истории железнодорожного транспорта,ru
1988 год в истории железнодорожного транспорта,ru
1831 год в истории железнодорожного транспорта,ru
1887 год в истории железнодорожного транспорта,ru
2009 год в истории железнодорожного транспорта,ru
1990 год в истории железнодорожного транспорта,ru
1910 год в истории железнодорожного транспорта,ru
1916 год в истории железнодорожного транспорта,ru
1828 год в истории железнодорожного транспорта,ru
Список тропических циклонов,ru
Список национальных парков Сербии,ru
Дания во Второй мировой войне,ru
Хронология медицины и медицинской технологии,ru
Иудаизм в Гибралтаре,ru
Список типов тканей,ru
Тепловозы Ирландии,ru
Шахматы в Армении,ru
Список глав государств в 1338 году,ru
2010 год в истории железнодорожного транспорта,ru
Бельгийско-российские отношения,ru
Список оригинальных фильмов Disney Channel,ru
Горы Новой Зеландии,ru
Культура Северной Ирландии,ru
Московский музей кошки,ru
Список птиц Казахстана,ru
Страх.com,ru
Транспорт в Турции,ru
Футбол на летних Олимпийских играх 1984,ru
Poems and Problems,ru
Список планетарных туманностей,ru
Высшее образование на Украине,ru
2011 год в истории железнодорожного транспорта,ru
Культура Бельгии,ru
Культура Республики Конго,ru
Список аэропортов Бразилии,ru
Список аэропортов Хорватии,ru
Список правителей Дукли,ru
История почты и почтовых марок Нигерии,ru
2012 год в истории железнодорожного транспорта,ru
Список баскетбольных лиг мира,ru
Список дипломатических миссий Восточного Тимора,ru
Хронология эволюции человека,ru
Чемпионат Хорватии по шахматам,ru
2013 год в истории железнодорожного транспорта,ru
Приз ФИПРЕССИ Европейской киноакадемии,ru
1822 год в истории железнодорожного транспорта,ru
1813 год в истории железнодорожного транспорта,ru
1803 год в истории железнодорожного транспорта,ru
1824 год в истории железнодорожного транспорта,ru
1808 год в истории железнодорожного транспорта,ru
Персонажи вселенной View Askewniverse,ru
1823 год в истории железнодорожного транспорта,ru
1812 год в истории железнодорожного транспорта,ru
1804 год в истории железнодорожного транспорта,ru
Музыка Юго-Восточной Европы,ru
Список бывших парижских зрительных залов,ru
2014 год в истории железнодорожного транспорта,ru
Города Турецкой Республики Северного Кипра,ru
Чемпионат Финляндии по шахматам,ru
Список призёров Олимпийских игр по греко-римской борьбе,ru
История почты и почтовых марок Ботсваны,ru
2016 год в истории железнодорожного транспорта,ru
2015 год в истории железнодорожного транспорта,ru
Дискография Spandau Ballet,ru
Искусство постмодернизма,ru
История Мадейры,ru
Список штатов и территорий США по ВРП на душу населения,ru
Чемпионат Шотландии по шахматам,ru
Чемпионат Норвегии по шахматам,ru
Военно-воздушные силы Абхазии,ru
